Paper,Year,Fusion Type,Catalytic Domain,Linker Sequence,Linker Length,Reported Efficiency,Reported Off-target Rate,PDB,Notes
Miller et al.,2011,TALEN,FokI (Type IIS nuclease),C+63 C-terminal TALE extension (sequence variable),63,">85% mutation rate at zebrafish pax6 locus",Low — obligate dimer reduces monomeric cleavage,3V6T,"Standard NΔ152/C+63 architecture; Golden Gate assembly platform"
Cermak et al.,2011,TALEN,FokI (Type IIS nuclease),"NΔ153/C+40 and NΔ152/C+63 variants",40–63,Highly efficient,Not quantified,None,"Established Golden Gate assembly protocols for multiplexed generation"
Beurdeley et al.,2013,cTALEN / Tev-mTALEN,I-TevI (GIY-YIG nuclease),"N169-T120 architecture; native linker residues 148–206 spans minor groove and scans 5'-CNNNG-3'",59,"Highly specific to 5'-CNNNG-3' over 15-bp spacer","Greatly reduced vs FokI-TALEN; sequence-gated by CNNNG motif",None,"Active linker wraps minor groove; sequence gating second recognition layer"
Sun et al.,2014,scTALEN,FokI tandem dimer,Flexible inter-domain bridge connecting two FokI monomers pre-tethered in cis,95,High efficiency via monomeric targeting,Not quantified separately,None,"Pre-tethered FokI domains increase local concentration; halves delivery payload"
Yanik et al.,2013,TALE-PvuII,PvuII restriction nuclease,N-terminal fusion traversing 3 nm geometric gap (modelled from PDB 1PVI + 3UGM),Variable,">34,000-fold preference for composite addressed site in vitro",Extremely low — composite site requirement multiplicative,None,"Structural modelling used to define linker length; extreme composite specificity"
Guilinger et al.,2014,fCas9 (dCas9-FokI),FokI,"L8 variant: NLS-FokI-dCas9 with XTEN linker (SGSETPGTSESATPES)",16,"High specificity; strictly requires 14 bp or 25 bp spacer","Substantially reduced vs Cas9 nuclease; helical-phasing dependent",None,"Bimodal spacer activity due to B-form helical phasing; rigid linker cannot compensate"
Chavez et al.,2015,CRISPRa / TALEa,VPR (VP64-p65AD-Rta),Tripartite activator domains linked by flexible G/S-rich tethers,Variable,"22- to 320-fold greater activation vs VP64 (e.g. CXCR4)",N/A (non-catalytic),None,"Synergistic multi-domain recruitment overcomes chromatin condensation"
Yeo et al.,2018,CRISPRi / TALEi,KRAB-MeCP2,Tandem repressor fusion via flexible linker,Variable,Significantly outperformed singular KRAB fusions,N/A (non-catalytic),None,"Induces deep heritable silencing via KAP1 cascade and heterochromatin"
Mok et al.,2020,DdCBE / FusXTBE,Split DddA cytidine deaminase,Split DddA halves fused to paired TALE arrays with N-terminal MTS,Variable,Highly efficient mtDNA C-to-T transitions,"TAS-independent off-targets correlated with linker flexibility",None,"Only modality reaching mitochondrial genome; linker flexibility governs off-target radius"
Komor et al.,2016,BE4 Base Editor,APOBEC1 + Cas9(D10A) + dual UGI,Optimized tethering of dual UGI cassettes to counteract BER,Variable,"Superior editing efficiency and lower indel rates vs BE3","Reduced vs BE3; residual ssDNA off-targets remain",None,"Shifted BER equilibrium via localized UGI concentration; critical linker optimization"
Zhang et al.,2011,TALE transcriptional activator,VP16 (VP64 variant),Short G/S flexible tethers connecting VP16 repeats,Short (GS-rich),"Significant activation of endogenous genes in human cells",N/A (non-catalytic),None,"First demonstration of programmable transcriptional activation via TALE-VP64"
Garg et al.,2012,Synthetic TALE effector,Orthogonal VP16 or KRAB variants,Varied linker compositions tested,Variable,Demonstrated orthogonal target site recognition,N/A (non-catalytic),None,"Engineering synthetic TALEs with non-overlapping target specificities"
Christian et al.,2010,TALEN (early),FokI,Early C-terminal extension variants,Variable,First demonstrated TALEN editing in plant genome,Not quantified,None,"Seminal paper; established TALE-FokI as viable editing tool"
Bogdanove & Voytas 2011,2011,Review,N/A,N/A,N/A,Review article,N/A,None,"Landmark review defining TALE code and engineering prospects"
Kleinstiver et al.,2014,Tev-mTALEN,I-TevI,I-TevI linker and nuclease domain (residues 1–92 + 148–206),59 (linker seg),"High monomeric specificity; CNNNG-gated","Low; dual gating by TALE array and CNNNG sequence",None,"Detailed mechanistic study of I-TevI linker minor-groove scanning"
Mendenhall et al.,2013,TALE-epigenome editor,TET1 / DNMT3A catalytic domains,Flexible G/S-rich tethers,Variable,"Site-specific histone and DNA methylation modification",N/A (epigenetic),None,"Demonstrates TALE epigenome editing; linker length governs methylation spread"
