strand,bp_offset,x_A,y_A,z_A,distance_A
top,0,6.894,0.0,2.186,7.232
top,1,5.794,5.694,4.928,9.502
top,2,0.679,8.954,8.066,12.071
top,3,-2.83,10.512,13.812,17.586
top,4,-4.134,9.244,20.269,22.658
top,5,-2.891,5.94,26.019,26.845
top,6,0.939,2.383,30.24,30.349
top,7,6.894,0.0,32.283,33.011
top,8,13.622,0.18,32.309,35.064
top,9,19.5,3.33,31.249,36.984
top,10,22.933,8.97,30.081,38.875
bottom,0,-4.034,-8.252,13.59,16.403
bottom,1,12.205,0.37,12.009,17.126
bottom,2,9.143,-5.438,13.811,17.433
bottom,3,2.673,-8.77,15.315,17.85
bottom,4,12.649,6.875,12.915,19.341
bottom,5,10.803,12.259,16.043,22.899
bottom,6,8.233,15.876,20.48,27.189
bottom,7,5.156,16.953,26.178,31.611
bottom,8,3.405,15.069,32.524,36.006
bottom,9,3.941,10.401,37.318,38.94
bottom,10,8.442,7.454,40.973,42.492
